INSERT INTO tb_endereco(cep) VALUES('48918900');
INSERT INTO tb_endereco(cep) VALUES('39270030');
INSERT INTO tb_endereco(cep) VALUES('65091078');
INSERT INTO tb_endereco(cep) VALUES('68460178');
INSERT INTO tb_endereco(cep) VALUES('77001902');
INSERT INTO tb_endereco(cep) VALUES('68030041');
INSERT INTO tb_endereco(cep) VALUES('73850000');
INSERT INTO tb_endereco(cep) VALUES('86807315');
INSERT INTO tb_endereco(cep) VALUES('49790000');
INSERT INTO tb_endereco(cep) VALUES('96400011');
INSERT INTO tb_endereco(cep) VALUES('16201544');
INSERT INTO tb_endereco(cep) VALUES('98783320');
INSERT INTO tb_endereco(cep) VALUES('87280990');
INSERT INTO tb_endereco(cep) VALUES('89205301');
INSERT INTO tb_endereco(cep) VALUES('12870959');
INSERT INTO tb_endereco(cep) VALUES('29194436');

INSERT INTO tb_usuario(nome, sobrenome, genero, foto_perfil, nro_endereco, complemento, endereco_id) VALUES('Simão', 'Benites', 'MASCULINO', NULL, '504', 'CASA', 1);
INSERT INTO tb_usuario(nome, sobrenome, genero, foto_perfil, nro_endereco, complemento, endereco_id) VALUES('Avelino', 'Câmara', 'MASCULINO', NULL, '1032', 'APTO 305', 2);
INSERT INTO tb_usuario(nome, sobrenome, genero, foto_perfil, nro_endereco, complemento, endereco_id) VALUES('Cícero', 'Neves', 'MASCULINO', NULL, '106', 'CASA DOS FUNDOS', 3);
INSERT INTO tb_usuario(nome, sobrenome, genero, foto_perfil, nro_endereco, complemento, endereco_id) VALUES('Elano', 'Montenegro', 'MASCULINO', NULL, '2097', 'CASA', 4);
INSERT INTO tb_usuario(nome, sobrenome, genero, foto_perfil, nro_endereco, complemento, endereco_id) VALUES('Fabio', 'Campos', 'MASCULINO', NULL, '901', 'APTO 31', 5);
INSERT INTO tb_usuario(nome, sobrenome, genero, foto_perfil, nro_endereco, complemento, endereco_id) VALUES('Raul', 'Casanova', 'MASCULINO', NULL, '308B', 'BLOCO C', 6);
INSERT INTO tb_usuario(nome, sobrenome, genero, foto_perfil, nro_endereco, complemento, endereco_id) VALUES('Ana', 'Palhares', 'FEMININO', NULL, '1606', 'CASA', 7);
INSERT INTO tb_usuario(nome, sobrenome, genero, foto_perfil, nro_endereco, complemento, endereco_id) VALUES('Manuela', 'Quintana', 'FEMININO', NULL, '23', 'CASA', 8);
INSERT INTO tb_usuario(nome, sobrenome, genero, foto_perfil, nro_endereco, complemento, endereco_id) VALUES('Fabiana', 'Duarte', 'FEMININO', NULL, '605', 'CASA', 9);
INSERT INTO tb_usuario(nome, sobrenome, genero, foto_perfil, nro_endereco, complemento, endereco_id) VALUES('Sandra', 'Peres', 'FEMININO', NULL, '1810', 'APTO 104', 10);
INSERT INTO tb_usuario(nome, sobrenome, genero, foto_perfil, nro_endereco, complemento, endereco_id) VALUES('Mateus', 'Santana', 'MASCULINO', NULL, '208', 'CASA', 11);
INSERT INTO tb_usuario(nome, sobrenome, genero, foto_perfil, nro_endereco, complemento, endereco_id) VALUES('Alessandra', 'Abreu', 'FEMININO', NULL, '1048', 'APTO 901 BLOCO B', 12);
INSERT INTO tb_usuario(nome, sobrenome, genero, foto_perfil, nro_endereco, complemento, endereco_id) VALUES('Renata', 'Godói', 'FEMININO', NULL, '592', 'CASA', 13);
INSERT INTO tb_usuario(nome, sobrenome, genero, foto_perfil, nro_endereco, complemento, endereco_id) VALUES('Aldo', 'Meireles', 'MASCULINO', NULL, '368', 'CASA', 14);
INSERT INTO tb_usuario(nome, sobrenome, genero, foto_perfil, nro_endereco, complemento, endereco_id) VALUES('Adônis', 'Oliveira', 'MASCULINO', NULL, '1407', 'APTO 101', 15);
INSERT INTO tb_usuario(nome, sobrenome, genero, foto_perfil, nro_endereco, complemento, endereco_id) VALUES('Maira', 'Sobrinho', 'FEMININO', NULL, '777', 'CASA', 16);

INSERT INTO tb_ddd(codigo_area) VALUES(74);
INSERT INTO tb_ddd(codigo_area) VALUES(38);
INSERT INTO tb_ddd(codigo_area) VALUES(98);
INSERT INTO tb_ddd(codigo_area) VALUES(94);
INSERT INTO tb_ddd(codigo_area) VALUES(63);
INSERT INTO tb_ddd(codigo_area) VALUES(93);
INSERT INTO tb_ddd(codigo_area) VALUES(61);
INSERT INTO tb_ddd(codigo_area) VALUES(43);
INSERT INTO tb_ddd(codigo_area) VALUES(79);
INSERT INTO tb_ddd(codigo_area) VALUES(53);
INSERT INTO tb_ddd(codigo_area) VALUES(18);
INSERT INTO tb_ddd(codigo_area) VALUES(54);
INSERT INTO tb_ddd(codigo_area) VALUES(44);
INSERT INTO tb_ddd(codigo_area) VALUES(47);
INSERT INTO tb_ddd(codigo_area) VALUES(12);
INSERT INTO tb_ddd(codigo_area) VALUES(28);

INSERT INTO tb_telefone(nro_telefone, codigo_area, usuario_id) VALUES('980909076', 74, 1);
INSERT INTO tb_telefone(nro_telefone, codigo_area, usuario_id) VALUES('961651312', 38, 2);
INSERT INTO tb_telefone(nro_telefone, codigo_area, usuario_id) VALUES('989540849', 98, 3);
INSERT INTO tb_telefone(nro_telefone, codigo_area, usuario_id) VALUES('960410111', 94, 4);
INSERT INTO tb_telefone(nro_telefone, codigo_area, usuario_id) VALUES('962561630', 63, 5);
INSERT INTO tb_telefone(nro_telefone, codigo_area, usuario_id) VALUES('980305230', 93, 6);
INSERT INTO tb_telefone(nro_telefone, codigo_area, usuario_id) VALUES('960604189', 61, 7);
INSERT INTO tb_telefone(nro_telefone, codigo_area, usuario_id) VALUES('981404998', 43, 8);
INSERT INTO tb_telefone(nro_telefone, codigo_area, usuario_id) VALUES('978948201', 79, 9);
INSERT INTO tb_telefone(nro_telefone, codigo_area, usuario_id) VALUES('963204784', 53, 10);
INSERT INTO tb_telefone(nro_telefone, codigo_area, usuario_id) VALUES('964686616', 18, 11);
INSERT INTO tb_telefone(nro_telefone, codigo_area, usuario_id) VALUES('998853837', 54, 12);
INSERT INTO tb_telefone(nro_telefone, codigo_area, usuario_id) VALUES('988419811', 44, 13);
INSERT INTO tb_telefone(nro_telefone, codigo_area, usuario_id) VALUES('993561007', 47, 14);
INSERT INTO tb_telefone(nro_telefone, codigo_area, usuario_id) VALUES('970477545', 12, 15);
INSERT INTO tb_telefone(nro_telefone, codigo_area, usuario_id) VALUES('961839932', 28, 16);

INSERT INTO tb_email(endereco_email, usuario_id) VALUES('benitesim@yahoo.com', 1);
INSERT INTO tb_email(endereco_email, usuario_id) VALUES('lino28cam@outlook.com', 2);
INSERT INTO tb_email(endereco_email, usuario_id) VALUES('cineves@gmail.com', 3);
INSERT INTO tb_email(endereco_email, usuario_id) VALUES('elmontenegro@gmail.com', 4);
INSERT INTO tb_email(endereco_email, usuario_id) VALUES('fabcampos@icloud.com', 5);
INSERT INTO tb_email(endereco_email, usuario_id) VALUES('rnova@gmail.com', 6);
INSERT INTO tb_email(endereco_email, usuario_id) VALUES('apalhares@yahoo.com', 7);
INSERT INTO tb_email(endereco_email, usuario_id) VALUES('manuquintana@icloud.com', 8);
INSERT INTO tb_email(endereco_email, usuario_id) VALUES('fabiduarte@outlook.com', 9);
INSERT INTO tb_email(endereco_email, usuario_id) VALUES('saperes@gmail.com', 10);
INSERT INTO tb_email(endereco_email, usuario_id) VALUES('mateus23santana@gmail.com', 11);
INSERT INTO tb_email(endereco_email, usuario_id) VALUES('ale_abreu@yahoo.com', 12);
INSERT INTO tb_email(endereco_email, usuario_id) VALUES('renatagodoi@gmail.com', 13);
INSERT INTO tb_email(endereco_email, usuario_id) VALUES('almeireles@outlook.com', 14);
INSERT INTO tb_email(endereco_email, usuario_id) VALUES('adonis_oli@gmail.com', 15);
INSERT INTO tb_email(endereco_email, usuario_id) VALUES('masob@yahoo.com', 16);