INSERT INTO tb_endereco(cep) VALUES('48918900');
INSERT INTO tb_endereco(cep) VALUES('39270030');
INSERT INTO tb_endereco(cep) VALUES('65091078');
INSERT INTO tb_endereco(cep) VALUES('68460178');
INSERT INTO tb_endereco(cep) VALUES('77001902');
INSERT INTO tb_endereco(cep) VALUES('68030041');
INSERT INTO tb_endereco(cep) VALUES('73850000');
INSERT INTO tb_endereco(cep) VALUES('86807315');
INSERT INTO tb_endereco(cep) VALUES('49790000');
INSERT INTO tb_endereco(cep) VALUES('96400011');
INSERT INTO tb_endereco(cep) VALUES('16201544');
INSERT INTO tb_endereco(cep) VALUES('98783320');
INSERT INTO tb_endereco(cep) VALUES('87280990');
INSERT INTO tb_endereco(cep) VALUES('89205301');
INSERT INTO tb_endereco(cep) VALUES('12870959');
INSERT INTO tb_endereco(cep) VALUES('29194436');

INSERT INTO tb_usuario(nome, sobrenome, genero, foto_perfil, nro_endereco, complemento, endereco_id) VALUES('Simão', 'Benites', 'MASCULINO', NULL, '504', 'CASA', 1);
INSERT INTO tb_usuario(nome, sobrenome, genero, foto_perfil, nro_endereco, complemento, endereco_id) VALUES('Avelino', 'Câmara', 'MASCULINO', NULL, '1032', 'APTO 305', 2);
INSERT INTO tb_usuario(nome, sobrenome, genero, foto_perfil, nro_endereco, complemento, endereco_id) VALUES('Cícero', 'Neves', 'MASCULINO', NULL, '106', 'CASA DOS FUNDOS', 3);
INSERT INTO tb_usuario(nome, sobrenome, genero, foto_perfil, nro_endereco, complemento, endereco_id) VALUES('Elano', 'Montenegro', 'MASCULINO', NULL, '2097', 'CASA', 4);
INSERT INTO tb_usuario(nome, sobrenome, genero, foto_perfil, nro_endereco, complemento, endereco_id) VALUES('Fabio', 'Campos', 'MASCULINO', NULL, '901', 'APTO 31', 5);
INSERT INTO tb_usuario(nome, sobrenome, genero, foto_perfil, nro_endereco, complemento, endereco_id) VALUES('Raul', 'Casanova', 'MASCULINO', NULL, '308B', 'BLOCO C', 6);
INSERT INTO tb_usuario(nome, sobrenome, genero, foto_perfil, nro_endereco, complemento, endereco_id) VALUES('Ana', 'Palhares', 'FEMININO', NULL, '1606', 'CASA', 7);
INSERT INTO tb_usuario(nome, sobrenome, genero, foto_perfil, nro_endereco, complemento, endereco_id) VALUES('Manuela', 'Quintana', 'FEMININO', NULL, '23', 'CASA', 8);
INSERT INTO tb_usuario(nome, sobrenome, genero, foto_perfil, nro_endereco, complemento, endereco_id) VALUES('Fabiana', 'Duarte', 'FEMININO', NULL, '605', 'CASA', 9);
INSERT INTO tb_usuario(nome, sobrenome, genero, foto_perfil, nro_endereco, complemento, endereco_id) VALUES('Sandra', 'Peres', 'FEMININO', NULL, '1810', 'APTO 104', 10);
INSERT INTO tb_usuario(nome, sobrenome, genero, foto_perfil, nro_endereco, complemento, endereco_id) VALUES('Mateus', 'Santana', 'MASCULINO', NULL, '208', 'CASA', 11);
INSERT INTO tb_usuario(nome, sobrenome, genero, foto_perfil, nro_endereco, complemento, endereco_id) VALUES('Alessandra', 'Abreu', 'FEMININO', NULL, '1048', 'APTO 901 BLOCO B', 12);
INSERT INTO tb_usuario(nome, sobrenome, genero, foto_perfil, nro_endereco, complemento, endereco_id) VALUES('Renata', 'Godói', 'FEMININO', NULL, '592', 'CASA', 13);
INSERT INTO tb_usuario(nome, sobrenome, genero, foto_perfil, nro_endereco, complemento, endereco_id) VALUES('Aldo', 'Meireles', 'MASCULINO', NULL, '368', 'CASA', 14);
INSERT INTO tb_usuario(nome, sobrenome, genero, foto_perfil, nro_endereco, complemento, endereco_id) VALUES('Adônis', 'Oliveira', 'MASCULINO', NULL, '1407', 'APTO 101', 15);
INSERT INTO tb_usuario(nome, sobrenome, genero, foto_perfil, nro_endereco, complemento, endereco_id) VALUES('Maira', 'Sobrinho', 'FEMININO', NULL, '777', 'CASA', 16);

INSERT INTO tb_ddd(codigo_area) VALUES(74);
INSERT INTO tb_ddd(codigo_area) VALUES(38);
INSERT INTO tb_ddd(codigo_area) VALUES(98);
INSERT INTO tb_ddd(codigo_area) VALUES(94);
INSERT INTO tb_ddd(codigo_area) VALUES(63);
INSERT INTO tb_ddd(codigo_area) VALUES(93);
INSERT INTO tb_ddd(codigo_area) VALUES(61);
INSERT INTO tb_ddd(codigo_area) VALUES(43);
INSERT INTO tb_ddd(codigo_area) VALUES(79);
INSERT INTO tb_ddd(codigo_area) VALUES(53);
INSERT INTO tb_ddd(codigo_area) VALUES(18);
INSERT INTO tb_ddd(codigo_area) VALUES(54);
INSERT INTO tb_ddd(codigo_area) VALUES(44);
INSERT INTO tb_ddd(codigo_area) VALUES(47);
INSERT INTO tb_ddd(codigo_area) VALUES(12);
INSERT INTO tb_ddd(codigo_area) VALUES(28);

INSERT INTO tb_telefone(nro_telefone, codigo_area, usuario_id) VALUES('980909076', 74, 1);
INSERT INTO tb_telefone(nro_telefone, codigo_area, usuario_id) VALUES('961651312', 38, 2);
INSERT INTO tb_telefone(nro_telefone, codigo_area, usuario_id) VALUES('989540849', 98, 3);
INSERT INTO tb_telefone(nro_telefone, codigo_area, usuario_id) VALUES('960410111', 94, 4);
INSERT INTO tb_telefone(nro_telefone, codigo_area, usuario_id) VALUES('962561630', 63, 5);
INSERT INTO tb_telefone(nro_telefone, codigo_area, usuario_id) VALUES('980305230', 93, 6);
INSERT INTO tb_telefone(nro_telefone, codigo_area, usuario_id) VALUES('960604189', 61, 7);
INSERT INTO tb_telefone(nro_telefone, codigo_area, usuario_id) VALUES('981404998', 43, 8);
INSERT INTO tb_telefone(nro_telefone, codigo_area, usuario_id) VALUES('978948201', 79, 9);
INSERT INTO tb_telefone(nro_telefone, codigo_area, usuario_id) VALUES('963204784', 53, 10);
INSERT INTO tb_telefone(nro_telefone, codigo_area, usuario_id) VALUES('964686616', 18, 11);
INSERT INTO tb_telefone(nro_telefone, codigo_area, usuario_id) VALUES('998853837', 54, 12);
INSERT INTO tb_telefone(nro_telefone, codigo_area, usuario_id) VALUES('988419811', 44, 13);
INSERT INTO tb_telefone(nro_telefone, codigo_area, usuario_id) VALUES('993561007', 47, 14);
INSERT INTO tb_telefone(nro_telefone, codigo_area, usuario_id) VALUES('970477545', 12, 15);
INSERT INTO tb_telefone(nro_telefone, codigo_area, usuario_id) VALUES('961839932', 28, 16);

INSERT INTO tb_email(endereco_email, usuario_id) VALUES('benitesim@yahoo.com', 1);
INSERT INTO tb_email(endereco_email, usuario_id) VALUES('lino28cam@outlook.com', 2);
INSERT INTO tb_email(endereco_email, usuario_id) VALUES('cineves@gmail.com', 3);
INSERT INTO tb_email(endereco_email, usuario_id) VALUES('elmontenegro@gmail.com', 4);
INSERT INTO tb_email(endereco_email, usuario_id) VALUES('fabcampos@icloud.com', 5);
INSERT INTO tb_email(endereco_email, usuario_id) VALUES('rnova@gmail.com', 6);
INSERT INTO tb_email(endereco_email, usuario_id) VALUES('apalhares@yahoo.com', 7);
INSERT INTO tb_email(endereco_email, usuario_id) VALUES('manuquintana@icloud.com', 8);
INSERT INTO tb_email(endereco_email, usuario_id) VALUES('fabiduarte@outlook.com', 9);
INSERT INTO tb_email(endereco_email, usuario_id) VALUES('saperes@gmail.com', 10);
INSERT INTO tb_email(endereco_email, usuario_id) VALUES('mateus23santana@gmail.com', 11);
INSERT INTO tb_email(endereco_email, usuario_id) VALUES('ale_abreu@yahoo.com', 12);
INSERT INTO tb_email(endereco_email, usuario_id) VALUES('renatagodoi@gmail.com', 13);
INSERT INTO tb_email(endereco_email, usuario_id) VALUES('almeireles@outlook.com', 14);
INSERT INTO tb_email(endereco_email, usuario_id) VALUES('adonis_oli@gmail.com', 15);
INSERT INTO tb_email(endereco_email, usuario_id) VALUES('masob@yahoo.com', 16);

INSERT INTO tb_esporte(nome, imagem) VALUES('Basquete', 'https://st.depositphotos.com/1269924/4038/i/450/depositphotos_40388609-stock-photo-basketball-basket-with-ball.jpg');
INSERT INTO tb_esporte(nome, imagem) VALUES('Ciclismo', 'https://static3.depositphotos.com/1001163/126/i/450/depositphotos_1265275-stock-photo-road-cyclist.jpg');
INSERT INTO tb_esporte(nome, imagem) VALUES('Corrida de rua', 'https://st.depositphotos.com/1016676/4018/i/450/depositphotos_40184401-stock-photo-runner.jpg');
INSERT INTO tb_esporte(nome, imagem) VALUES('Futebol', 'https://static9.depositphotos.com/1648251/1237/i/450/depositphotos_12379367-stock-photo-goal-goal-goal.jpg');
INSERT INTO tb_esporte(nome, imagem) VALUES('Futevôlei', 'https://media.istockphoto.com/id/1405828613/pt/foto/man-playing-footvolley-on-the-beach-camburi-beach.jpg?s=612x612&w=0&k=20&c=C0-plJCaWibR1r2hnOLmCkKtmR3xkqd8P7V4aEGCbqw=');
INSERT INTO tb_esporte(nome, imagem) VALUES('Futsal', 'https://st2.depositphotos.com/3548201/6500/i/450/depositphotos_65001753-stock-photo-the-futsal-ball-on-the.jpg');
INSERT INTO tb_esporte(nome, imagem) VALUES('Handebol', 'https://st2.depositphotos.com/3431221/9955/v/450/depositphotos_99559336-stock-illustration-handball-player-abstract-grungy-vector.jpg');
INSERT INTO tb_esporte(nome, imagem) VALUES('Natação', 'https://st.depositphotos.com/1059502/1958/i/450/depositphotos_19589501-stock-photo-swimming.jpg');
INSERT INTO tb_esporte(nome, imagem) VALUES('Tênis', 'https://st4.depositphotos.com/1041273/22244/i/450/depositphotos_222448984-stock-photo-tennis-court-and-balls.jpg');
INSERT INTO tb_esporte(nome, imagem) VALUES('Tênis de praia', 'https://st3.depositphotos.com/2793427/15982/i/450/depositphotos_159826548-stock-photo-rakets-and-balls-during-the.jpg');
INSERT INTO tb_esporte(nome, imagem) VALUES('Vôlei', 'https://st2.depositphotos.com/4431055/11855/i/450/depositphotos_118552636-stock-photo-volleyball-object-on-background.jpg');
INSERT INTO tb_esporte(nome, imagem) VALUES('Vôlei de praia', 'https://st4.depositphotos.com/8763394/19948/i/450/depositphotos_199480882-stock-photo-blue-yellow-volleyball-beach-footprint.jpg');

INSERT INTO tb_usuario_esporte(usuario_id, esporte_id) VALUES(1, 1);
INSERT INTO tb_usuario_esporte(usuario_id, esporte_id) VALUES(1, 8);
INSERT INTO tb_usuario_esporte(usuario_id, esporte_id) VALUES(2, 1);
INSERT INTO tb_usuario_esporte(usuario_id, esporte_id) VALUES(2, 2);
INSERT INTO tb_usuario_esporte(usuario_id, esporte_id) VALUES(3, 1);
INSERT INTO tb_usuario_esporte(usuario_id, esporte_id) VALUES(3, 3);
INSERT INTO tb_usuario_esporte(usuario_id, esporte_id) VALUES(4, 1);
INSERT INTO tb_usuario_esporte(usuario_id, esporte_id) VALUES(4, 6);
INSERT INTO tb_usuario_esporte(usuario_id, esporte_id) VALUES(5, 1);
INSERT INTO tb_usuario_esporte(usuario_id, esporte_id) VALUES(5, 8);
INSERT INTO tb_usuario_esporte(usuario_id, esporte_id) VALUES(5, 9);
INSERT INTO tb_usuario_esporte(usuario_id, esporte_id) VALUES(6, 1);
INSERT INTO tb_usuario_esporte(usuario_id, esporte_id) VALUES(6, 3);
INSERT INTO tb_usuario_esporte(usuario_id, esporte_id) VALUES(6, 8);
INSERT INTO tb_usuario_esporte(usuario_id, esporte_id) VALUES(7, 3);
INSERT INTO tb_usuario_esporte(usuario_id, esporte_id) VALUES(7, 7);
INSERT INTO tb_usuario_esporte(usuario_id, esporte_id) VALUES(8, 9);
INSERT INTO tb_usuario_esporte(usuario_id, esporte_id) VALUES(8, 11);
INSERT INTO tb_usuario_esporte(usuario_id, esporte_id) VALUES(9, 1);
INSERT INTO tb_usuario_esporte(usuario_id, esporte_id) VALUES(9, 8);
INSERT INTO tb_usuario_esporte(usuario_id, esporte_id) VALUES(10, 3);
INSERT INTO tb_usuario_esporte(usuario_id, esporte_id) VALUES(10, 7);
INSERT INTO tb_usuario_esporte(usuario_id, esporte_id) VALUES(11, 4);
INSERT INTO tb_usuario_esporte(usuario_id, esporte_id) VALUES(11, 12);
INSERT INTO tb_usuario_esporte(usuario_id, esporte_id) VALUES(12, 2);
INSERT INTO tb_usuario_esporte(usuario_id, esporte_id) VALUES(12, 11);
INSERT INTO tb_usuario_esporte(usuario_id, esporte_id) VALUES(13, 8);
INSERT INTO tb_usuario_esporte(usuario_id, esporte_id) VALUES(13, 12);
INSERT INTO tb_usuario_esporte(usuario_id, esporte_id) VALUES(14, 6);
INSERT INTO tb_usuario_esporte(usuario_id, esporte_id) VALUES(15, 8);
INSERT INTO tb_usuario_esporte(usuario_id, esporte_id) VALUES(15, 9);
INSERT INTO tb_usuario_esporte(usuario_id, esporte_id) VALUES(16, 3);
INSERT INTO tb_usuario_esporte(usuario_id, esporte_id) VALUES(16, 11);

INSERT INTO tb_usuario_seguidores(usuario_id, seguidor_id) VALUES(1, 3);
INSERT INTO tb_usuario_seguidores(usuario_id, seguidor_id) VALUES(1, 7);
INSERT INTO tb_usuario_seguidores(usuario_id, seguidor_id) VALUES(1, 9);
INSERT INTO tb_usuario_seguidores(usuario_id, seguidor_id) VALUES(1, 14);
INSERT INTO tb_usuario_seguidores(usuario_id, seguidor_id) VALUES(2, 1);
INSERT INTO tb_usuario_seguidores(usuario_id, seguidor_id) VALUES(2, 3);
INSERT INTO tb_usuario_seguidores(usuario_id, seguidor_id) VALUES(2, 13);
INSERT INTO tb_usuario_seguidores(usuario_id, seguidor_id) VALUES(3, 2);
INSERT INTO tb_usuario_seguidores(usuario_id, seguidor_id) VALUES(3, 7);
INSERT INTO tb_usuario_seguidores(usuario_id, seguidor_id) VALUES(3, 10);
INSERT INTO tb_usuario_seguidores(usuario_id, seguidor_id) VALUES(3, 12);
INSERT INTO tb_usuario_seguidores(usuario_id, seguidor_id) VALUES(4, 1);
INSERT INTO tb_usuario_seguidores(usuario_id, seguidor_id) VALUES(4, 3);
INSERT INTO tb_usuario_seguidores(usuario_id, seguidor_id) VALUES(4, 12);
INSERT INTO tb_usuario_seguidores(usuario_id, seguidor_id) VALUES(4, 16);
INSERT INTO tb_usuario_seguidores(usuario_id, seguidor_id) VALUES(5, 1);
INSERT INTO tb_usuario_seguidores(usuario_id, seguidor_id) VALUES(5, 3);
INSERT INTO tb_usuario_seguidores(usuario_id, seguidor_id) VALUES(5, 9);
INSERT INTO tb_usuario_seguidores(usuario_id, seguidor_id) VALUES(5, 13);
INSERT INTO tb_usuario_seguidores(usuario_id, seguidor_id) VALUES(6, 1);
INSERT INTO tb_usuario_seguidores(usuario_id, seguidor_id) VALUES(6, 4);
INSERT INTO tb_usuario_seguidores(usuario_id, seguidor_id) VALUES(6, 8);
INSERT INTO tb_usuario_seguidores(usuario_id, seguidor_id) VALUES(6, 16);
INSERT INTO tb_usuario_seguidores(usuario_id, seguidor_id) VALUES(7, 3);
INSERT INTO tb_usuario_seguidores(usuario_id, seguidor_id) VALUES(7, 5);
INSERT INTO tb_usuario_seguidores(usuario_id, seguidor_id) VALUES(7, 9);
INSERT INTO tb_usuario_seguidores(usuario_id, seguidor_id) VALUES(7, 13);
INSERT INTO tb_usuario_seguidores(usuario_id, seguidor_id) VALUES(8, 6);
INSERT INTO tb_usuario_seguidores(usuario_id, seguidor_id) VALUES(8, 10);
INSERT INTO tb_usuario_seguidores(usuario_id, seguidor_id) VALUES(8, 11);
INSERT INTO tb_usuario_seguidores(usuario_id, seguidor_id) VALUES(8, 16);
INSERT INTO tb_usuario_seguidores(usuario_id, seguidor_id) VALUES(9, 4);
INSERT INTO tb_usuario_seguidores(usuario_id, seguidor_id) VALUES(9, 6);
INSERT INTO tb_usuario_seguidores(usuario_id, seguidor_id) VALUES(9, 8);
INSERT INTO tb_usuario_seguidores(usuario_id, seguidor_id) VALUES(9, 16);
INSERT INTO tb_usuario_seguidores(usuario_id, seguidor_id) VALUES(10, 2);
INSERT INTO tb_usuario_seguidores(usuario_id, seguidor_id) VALUES(10, 6);
INSERT INTO tb_usuario_seguidores(usuario_id, seguidor_id) VALUES(10, 13);
INSERT INTO tb_usuario_seguidores(usuario_id, seguidor_id) VALUES(11, 2);
INSERT INTO tb_usuario_seguidores(usuario_id, seguidor_id) VALUES(11, 4);
INSERT INTO tb_usuario_seguidores(usuario_id, seguidor_id) VALUES(11, 9);
INSERT INTO tb_usuario_seguidores(usuario_id, seguidor_id) VALUES(11, 13);
INSERT INTO tb_usuario_seguidores(usuario_id, seguidor_id) VALUES(12, 1);
INSERT INTO tb_usuario_seguidores(usuario_id, seguidor_id) VALUES(12, 8);
INSERT INTO tb_usuario_seguidores(usuario_id, seguidor_id) VALUES(12, 16);
INSERT INTO tb_usuario_seguidores(usuario_id, seguidor_id) VALUES(13, 3);
INSERT INTO tb_usuario_seguidores(usuario_id, seguidor_id) VALUES(13, 5);
INSERT INTO tb_usuario_seguidores(usuario_id, seguidor_id) VALUES(13, 16);
INSERT INTO tb_usuario_seguidores(usuario_id, seguidor_id) VALUES(14, 5);
INSERT INTO tb_usuario_seguidores(usuario_id, seguidor_id) VALUES(14, 13);
INSERT INTO tb_usuario_seguidores(usuario_id, seguidor_id) VALUES(14, 15);
INSERT INTO tb_usuario_seguidores(usuario_id, seguidor_id) VALUES(15, 9);
INSERT INTO tb_usuario_seguidores(usuario_id, seguidor_id) VALUES(15, 11);
INSERT INTO tb_usuario_seguidores(usuario_id, seguidor_id) VALUES(15, 16);
INSERT INTO tb_usuario_seguidores(usuario_id, seguidor_id) VALUES(16, 4);
INSERT INTO tb_usuario_seguidores(usuario_id, seguidor_id) VALUES(16, 6);
INSERT INTO tb_usuario_seguidores(usuario_id, seguidor_id) VALUES(16, 9);
INSERT INTO tb_usuario_seguidores(usuario_id, seguidor_id) VALUES(16, 15);

INSERT INTO tb_usuario_seguindo(usuario_id, seguindo_id) VALUES(1, 3);
INSERT INTO tb_usuario_seguindo(usuario_id, seguindo_id) VALUES(1, 7);
INSERT INTO tb_usuario_seguindo(usuario_id, seguindo_id) VALUES(1, 9);
INSERT INTO tb_usuario_seguindo(usuario_id, seguindo_id) VALUES(2, 1);
INSERT INTO tb_usuario_seguindo(usuario_id, seguindo_id) VALUES(2, 3);
INSERT INTO tb_usuario_seguindo(usuario_id, seguindo_id) VALUES(2, 7);
INSERT INTO tb_usuario_seguindo(usuario_id, seguindo_id) VALUES(2, 13);
INSERT INTO tb_usuario_seguindo(usuario_id, seguindo_id) VALUES(3, 2);
INSERT INTO tb_usuario_seguindo(usuario_id, seguindo_id) VALUES(3, 5);
INSERT INTO tb_usuario_seguindo(usuario_id, seguindo_id) VALUES(3, 7);
INSERT INTO tb_usuario_seguindo(usuario_id, seguindo_id) VALUES(3, 10);
INSERT INTO tb_usuario_seguindo(usuario_id, seguindo_id) VALUES(4, 1);
INSERT INTO tb_usuario_seguindo(usuario_id, seguindo_id) VALUES(4, 2);
INSERT INTO tb_usuario_seguindo(usuario_id, seguindo_id) VALUES(4, 3);
INSERT INTO tb_usuario_seguindo(usuario_id, seguindo_id) VALUES(4, 7);
INSERT INTO tb_usuario_seguindo(usuario_id, seguindo_id) VALUES(4, 12);
INSERT INTO tb_usuario_seguindo(usuario_id, seguindo_id) VALUES(5, 1);
INSERT INTO tb_usuario_seguindo(usuario_id, seguindo_id) VALUES(5, 3);
INSERT INTO tb_usuario_seguindo(usuario_id, seguindo_id) VALUES(5, 7);
INSERT INTO tb_usuario_seguindo(usuario_id, seguindo_id) VALUES(5, 9);
INSERT INTO tb_usuario_seguindo(usuario_id, seguindo_id) VALUES(6, 1);
INSERT INTO tb_usuario_seguindo(usuario_id, seguindo_id) VALUES(6, 3);
INSERT INTO tb_usuario_seguindo(usuario_id, seguindo_id) VALUES(6, 4);
INSERT INTO tb_usuario_seguindo(usuario_id, seguindo_id) VALUES(6, 8);
INSERT INTO tb_usuario_seguindo(usuario_id, seguindo_id) VALUES(6, 16);
INSERT INTO tb_usuario_seguindo(usuario_id, seguindo_id) VALUES(7, 3);
INSERT INTO tb_usuario_seguindo(usuario_id, seguindo_id) VALUES(7, 5);
INSERT INTO tb_usuario_seguindo(usuario_id, seguindo_id) VALUES(7, 6);
INSERT INTO tb_usuario_seguindo(usuario_id, seguindo_id) VALUES(7, 9);
INSERT INTO tb_usuario_seguindo(usuario_id, seguindo_id) VALUES(7, 12);
INSERT INTO tb_usuario_seguindo(usuario_id, seguindo_id) VALUES(7, 13);
INSERT INTO tb_usuario_seguindo(usuario_id, seguindo_id) VALUES(8, 6);
INSERT INTO tb_usuario_seguindo(usuario_id, seguindo_id) VALUES(8, 10);
INSERT INTO tb_usuario_seguindo(usuario_id, seguindo_id) VALUES(8, 11);
INSERT INTO tb_usuario_seguindo(usuario_id, seguindo_id) VALUES(8, 16);
INSERT INTO tb_usuario_seguindo(usuario_id, seguindo_id) VALUES(9, 3);
INSERT INTO tb_usuario_seguindo(usuario_id, seguindo_id) VALUES(9, 4);
INSERT INTO tb_usuario_seguindo(usuario_id, seguindo_id) VALUES(9, 6);
INSERT INTO tb_usuario_seguindo(usuario_id, seguindo_id) VALUES(9, 7);
INSERT INTO tb_usuario_seguindo(usuario_id, seguindo_id) VALUES(9, 8);
INSERT INTO tb_usuario_seguindo(usuario_id, seguindo_id) VALUES(9, 16);
INSERT INTO tb_usuario_seguindo(usuario_id, seguindo_id) VALUES(10, 2);
INSERT INTO tb_usuario_seguindo(usuario_id, seguindo_id) VALUES(10, 6);
INSERT INTO tb_usuario_seguindo(usuario_id, seguindo_id) VALUES(10, 11);
INSERT INTO tb_usuario_seguindo(usuario_id, seguindo_id) VALUES(10, 13);
INSERT INTO tb_usuario_seguindo(usuario_id, seguindo_id) VALUES(10, 16);
INSERT INTO tb_usuario_seguindo(usuario_id, seguindo_id) VALUES(11, 2);
INSERT INTO tb_usuario_seguindo(usuario_id, seguindo_id) VALUES(11, 4);
INSERT INTO tb_usuario_seguindo(usuario_id, seguindo_id) VALUES(11, 9);
INSERT INTO tb_usuario_seguindo(usuario_id, seguindo_id) VALUES(11, 13);
INSERT INTO tb_usuario_seguindo(usuario_id, seguindo_id) VALUES(12, 1);
INSERT INTO tb_usuario_seguindo(usuario_id, seguindo_id) VALUES(12, 6);
INSERT INTO tb_usuario_seguindo(usuario_id, seguindo_id) VALUES(12, 8);
INSERT INTO tb_usuario_seguindo(usuario_id, seguindo_id) VALUES(12, 16);
INSERT INTO tb_usuario_seguindo(usuario_id, seguindo_id) VALUES(13, 3);
INSERT INTO tb_usuario_seguindo(usuario_id, seguindo_id) VALUES(13, 5);
INSERT INTO tb_usuario_seguindo(usuario_id, seguindo_id) VALUES(13, 7);
INSERT INTO tb_usuario_seguindo(usuario_id, seguindo_id) VALUES(13, 10);
INSERT INTO tb_usuario_seguindo(usuario_id, seguindo_id) VALUES(14, 5);
INSERT INTO tb_usuario_seguindo(usuario_id, seguindo_id) VALUES(14, 11);
INSERT INTO tb_usuario_seguindo(usuario_id, seguindo_id) VALUES(14, 13);
INSERT INTO tb_usuario_seguindo(usuario_id, seguindo_id) VALUES(14, 15);
INSERT INTO tb_usuario_seguindo(usuario_id, seguindo_id) VALUES(15, 1);
INSERT INTO tb_usuario_seguindo(usuario_id, seguindo_id) VALUES(15, 2);
INSERT INTO tb_usuario_seguindo(usuario_id, seguindo_id) VALUES(15, 5);
INSERT INTO tb_usuario_seguindo(usuario_id, seguindo_id) VALUES(15, 13);
INSERT INTO tb_usuario_seguindo(usuario_id, seguindo_id) VALUES(16, 4);
INSERT INTO tb_usuario_seguindo(usuario_id, seguindo_id) VALUES(16, 6);
INSERT INTO tb_usuario_seguindo(usuario_id, seguindo_id) VALUES(16, 9);
INSERT INTO tb_usuario_seguindo(usuario_id, seguindo_id) VALUES(16, 10);